{
  "category": "색연필 사라지다 걱정",
  "temperature": 0.5,
  "beta": -2.1739130434782608,
  "ece": 0.006077339531347893,
  "thresholds": {
    "걱정": {
      "tau": [
        0.8218751549720764,
        0.8218751549720764,
        0.8218751549720764,
        0.8218751549720764
      ],
      "stats": {
        "count": 240
      }
    },
    "사라지다": {
      "tau": [
        0.8667333722114563,
        0.8667333722114563,
        0.8667333722114563,
        0.8667333722114563
      ],
      "stats": {
        "count": 243
      }
    },
    "색연필": {
      "tau": [
        0.7859033942222595,
        0.7859033942222595,
        0.7859033942222595,
        0.7859033942222595
      ],
      "stats": {
        "count": 234
      }
    }
  },
  "margins": {
    "L1": 0.0,
    "L2": 0.02,
    "L3": 0.05,
    "L4": 0.08,
    "L5": 0.12
  },
  "meta": {
    "bins": 15,
    "targets": [
      0.5,
      0.7,
      0.85,
      0.95
    ],
    "note": "tau_k는 Precision >= target 을 만족하는 최소 p' 임계값"
  }
}