{
  "category": "운동화 사라지다 안타깝다",
  "temperature": 0.7,
  "beta": -1.695652173913043,
  "ece": 0.019438120613678438,
  "thresholds": {
    "사라지다": {
      "tau": [
        0.6236732602119446,
        0.6236732602119446,
        0.6236732602119446,
        0.6236732602119446
      ],
      "stats": {
        "count": 239
      }
    },
    "안타깝다": {
      "tau": [
        0.7284753918647766,
        0.7284753918647766,
        0.7284753918647766,
        0.8534568548202515
      ],
      "stats": {
        "count": 260
      }
    },
    "운동화": {
      "tau": [
        0.6147146821022034,
        0.6147146821022034,
        0.6147146821022034,
        0.6147146821022034
      ],
      "stats": {
        "count": 218
      }
    }
  },
  "margins": {
    "L1": 0.0,
    "L2": 0.02,
    "L3": 0.05,
    "L4": 0.08,
    "L5": 0.12
  },
  "meta": {
    "bins": 15,
    "targets": [
      0.5,
      0.7,
      0.85,
      0.95
    ],
    "note": "tau_k는 Precision >= target 을 만족하는 최소 p' 임계값"
  }
}