{
  "category": "이마 맞다 슬프다",
  "temperature": 0.6,
  "beta": -0.5,
  "ece": 0.008824736484108395,
  "thresholds": {
    "맞다": {
      "tau": [
        0.7790272831916809,
        0.7790272831916809,
        0.7790272831916809,
        0.7790272831916809
      ],
      "stats": {
        "count": 239
      }
    },
    "슬프다": {
      "tau": [
        0.562491774559021,
        0.562491774559021,
        0.562491774559021,
        0.6574654579162598
      ],
      "stats": {
        "count": 257
      }
    },
    "이마": {
      "tau": [
        0.6069187521934509,
        0.6069187521934509,
        0.6069187521934509,
        0.6069187521934509
      ],
      "stats": {
        "count": 224
      }
    }
  },
  "margins": {
    "L1": 0.0,
    "L2": 0.02,
    "L3": 0.05,
    "L4": 0.08,
    "L5": 0.12
  },
  "meta": {
    "bins": 15,
    "targets": [
      0.5,
      0.7,
      0.85,
      0.95
    ],
    "note": "tau_k는 Precision >= target 을 만족하는 최소 p' 임계값"
  }
}