{
  "category": "짜증 탁구공 던지다",
  "temperature": 0.5,
  "beta": -4.326086956521739,
  "ece": 0.0011355195313778044,
  "thresholds": {
    "던지다": {
      "tau": [
        0.9432357549667358,
        0.9432357549667358,
        0.9432357549667358,
        0.9432357549667358
      ],
      "stats": {
        "count": 241
      }
    },
    "짜증": {
      "tau": [
        0.9403982758522034,
        0.9403982758522034,
        0.9403982758522034,
        0.9403982758522034
      ],
      "stats": {
        "count": 239
      }
    },
    "탁구공": {
      "tau": [
        0.0,
        0.0,
        0.0,
        0.0
      ],
      "stats": {
        "count": 240
      }
    }
  },
  "margins": {
    "L1": 0.0,
    "L2": 0.02,
    "L3": 0.05,
    "L4": 0.08,
    "L5": 0.12
  },
  "meta": {
    "bins": 15,
    "targets": [
      0.5,
      0.7,
      0.85,
      0.95
    ],
    "note": "tau_k는 Precision >= target 을 만족하는 최소 p' 임계값"
  }
}