{
  "category": "축구장 달리다 행복",
  "temperature": 0.5,
  "beta": -6.0,
  "ece": 0.005636770307578809,
  "thresholds": {
    "달리다": {
      "tau": [
        0.9473295211791992,
        0.9473295211791992,
        0.9473295211791992,
        0.9473295211791992
      ],
      "stats": {
        "count": 241
      }
    },
    "축구장": {
      "tau": [
        0.9547746777534485,
        0.9547746777534485,
        0.9547746777534485,
        0.9547746777534485
      ],
      "stats": {
        "count": 239
      }
    },
    "행복": {
      "tau": [
        0.9385858178138733,
        0.9385858178138733,
        0.9385858178138733,
        0.9385858178138733
      ],
      "stats": {
        "count": 240
      }
    }
  },
  "margins": {
    "L1": 0.0,
    "L2": 0.02,
    "L3": 0.05,
    "L4": 0.08,
    "L5": 0.12
  },
  "meta": {
    "bins": 15,
    "targets": [
      0.5,
      0.7,
      0.85,
      0.95
    ],
    "note": "tau_k는 Precision >= target 을 만족하는 최소 p' 임계값"
  }
}