{
  "category": "팔 때리다 당황",
  "temperature": 0.5,
  "beta": -2.1739130434782608,
  "ece": 0.0014633042118115396,
  "thresholds": {
    "당황": {
      "tau": [
        0.7603603601455688,
        0.7603603601455688,
        0.7603603601455688,
        0.7603603601455688
      ],
      "stats": {
        "count": 239
      }
    },
    "때리다": {
      "tau": [
        0.8518456220626831,
        0.8518456220626831,
        0.8518456220626831,
        0.8518456220626831
      ],
      "stats": {
        "count": 240
      }
    },
    "팔": {
      "tau": [
        0.9138698577880859,
        0.9138698577880859,
        0.9138698577880859,
        0.9138698577880859
      ],
      "stats": {
        "count": 238
      }
    }
  },
  "margins": {
    "L1": 0.0,
    "L2": 0.02,
    "L3": 0.05,
    "L4": 0.08,
    "L5": 0.12
  },
  "meta": {
    "bins": 15,
    "targets": [
      0.5,
      0.7,
      0.85,
      0.95
    ],
    "note": "tau_k는 Precision >= target 을 만족하는 최소 p' 임계값"
  }
}